frame_id,time_sec,risk_level,risk_score,person_count,vehicle_count,min_distance_px,ttc_like_sec,closing_speed_px_per_frame,reason
0,0.0,HIGH,55,11,14,118.6,,0.0,Pedestrian in main_crosswalk and vehicle close
30,1.0,MEDIUM,45,13,13,151.38,8.042,1.875,Pedestrian in secondary_crosswalk with moderate surrogate risk score
60,2.0,MEDIUM,45,13,12,231.5,23.436,0.599,Pedestrian in secondary_crosswalk with moderate surrogate risk score
90,3.0,DANGER,85,11,12,60.67,0.552,9.487,Pedestrian in main_crosswalk and short TTC-like risk detected
120,4.0,DANGER,75,13,11,97.8,2.285,1.611,"Pedestrian in main_crosswalk, vehicle approaching, and distance decreasing"
150,5.0,HIGH,65,11,11,125.03,1.382,5.747,Pedestrian in secondary_crosswalk and vehicle in approach zone
180,6.0,HIGH,55,10,14,91.44,,0.0,Pedestrian in main_crosswalk and vehicle close
210,7.0,HIGH,55,10,15,122.43,,0.0,Pedestrian in secondary_crosswalk and vehicle close
240,8.0,DANGER,85,14,13,92.96,0.838,18.903,Pedestrian in secondary_crosswalk and short TTC-like risk detected
270,9.0,HIGH,65,11,13,114.39,,0.0,Pedestrian in main_crosswalk and vehicle close
300,10.0,HIGH,55,13,11,137.61,4.633,0.99,Pedestrian in secondary_crosswalk and vehicle close
330,11.0,DANGER,75,12,10,150.75,1.841,8.109,"Pedestrian in secondary_crosswalk, vehicle approaching, and distance decreasing"
360,12.0,MEDIUM,45,9,14,152.12,6.944,1.597,Pedestrian in main_crosswalk with moderate surrogate risk score
390,13.0,MEDIUM,45,12,14,167.0,,0.0,Pedestrian in secondary_crosswalk with moderate surrogate risk score
420,14.0,HIGH,65,10,14,157.04,1.485,4.198,Pedestrian in main_crosswalk and vehicle in approach zone
450,15.0,MEDIUM,45,8,13,257.15,142.476,0.163,Pedestrian in secondary_crosswalk with moderate surrogate risk score
480,16.0,MEDIUM,45,8,13,240.05,,0.0,Pedestrian in secondary_crosswalk with moderate surrogate risk score
510,17.0,HIGH,55,9,14,235.16,2.641,12.478,Pedestrian in secondary_crosswalk and elevated surrogate risk score
540,18.0,MEDIUM,45,12,12,202.41,,0.0,Pedestrian in secondary_crosswalk with moderate surrogate risk score
570,19.0,DANGER,100,13,13,67.01,0.207,10.779,Pedestrian in main_crosswalk and short TTC-like risk detected
600,20.0,MEDIUM,45,10,12,212.6,209.384,0.139,Pedestrian in secondary_crosswalk with moderate surrogate risk score
630,21.0,HIGH,65,13,10,66.29,,0.0,Pedestrian in main_crosswalk and vehicle close
660,22.0,HIGH,55,12,12,175.39,1.67,4.451,Pedestrian in secondary_crosswalk and elevated surrogate risk score
690,23.0,DANGER,85,11,12,77.67,1.527,1.696,"Pedestrian in main_crosswalk, vehicle approaching, and distance decreasing"
720,24.0,DANGER,95,12,13,78.75,0.821,3.529,Pedestrian in main_crosswalk and short TTC-like risk detected
750,25.0,HIGH,55,9,12,116.5,2.361,3.993,Pedestrian in secondary_crosswalk and vehicle in approach zone
780,26.0,HIGH,55,14,12,123.75,,0.0,Pedestrian in secondary_crosswalk and vehicle close
810,27.0,DANGER,85,11,12,114.24,1.1,3.462,"Pedestrian in secondary_crosswalk, vehicle approaching, and distance decreasing"
840,28.0,HIGH,65,9,12,122.43,7.06,0.578,Pedestrian in secondary_crosswalk and vehicle close
870,29.0,HIGH,65,9,12,142.56,2.431,2.397,Pedestrian in main_crosswalk and vehicle in approach zone
900,30.0,DANGER,75,11,14,88.2,2.307,1.667,"Pedestrian in secondary_crosswalk, vehicle approaching, and distance decreasing"
930,31.0,DANGER,85,9,13,75.77,1.039,3.215,"Pedestrian in secondary_crosswalk, vehicle approaching, and distance decreasing"
960,32.0,DANGER,75,9,13,77.52,,0.0,Pedestrian in secondary_crosswalk and high surrogate risk score detected
990,33.0,DANGER,100,11,13,66.57,0.476,4.663,Pedestrian in secondary_crosswalk and short TTC-like risk detected
1020,34.0,DANGER,100,11,18,77.79,0.529,5.578,Pedestrian in secondary_crosswalk and short TTC-like risk detected
1050,35.0,HIGH,65,11,13,105.55,26.981,0.162,Pedestrian in secondary_crosswalk and vehicle close
1080,36.0,DANGER,75,10,13,79.63,,0.0,Pedestrian in secondary_crosswalk and high surrogate risk score detected
1110,37.0,DANGER,85,10,11,111.29,0.39,19.041,Pedestrian in main_crosswalk and short TTC-like risk detected
1140,38.0,HIGH,65,9,12,108.34,,0.0,Pedestrian in main_crosswalk and vehicle close
1170,39.0,HIGH,65,13,12,105.99,10.286,0.343,Pedestrian in main_crosswalk and vehicle close
1200,40.0,DANGER,95,12,12,119.63,0.696,16.295,Pedestrian in secondary_crosswalk and short TTC-like risk detected
1230,41.0,DANGER,75,11,14,59.55,13.072,0.152,Pedestrian in main_crosswalk and vehicle critically close
1260,42.0,DANGER,95,11,13,57.2,1.282,1.487,Pedestrian in main_crosswalk and vehicle critically close
1290,43.0,DANGER,75,8,14,56.01,4.385,0.426,Pedestrian in main_crosswalk and vehicle critically close
1320,44.0,HIGH,55,9,11,139.46,,0.0,Pedestrian in main_crosswalk and vehicle close
1350,45.0,MEDIUM,45,10,12,284.26,,0.0,Pedestrian in secondary_crosswalk with moderate surrogate risk score
1380,46.0,MEDIUM,45,10,12,253.66,7.072,2.854,Pedestrian in secondary_crosswalk with moderate surrogate risk score
1410,47.0,MEDIUM,45,12,14,151.01,12.557,1.391,Pedestrian in secondary_crosswalk with moderate surrogate risk score
1440,48.0,DANGER,75,7,13,149.04,1.885,11.008,"Pedestrian in secondary_crosswalk, vehicle approaching, and distance decreasing"
1470,49.0,DANGER,75,12,14,82.23,1.227,8.678,"Pedestrian in secondary_crosswalk, vehicle approaching, and distance decreasing"
1500,50.0,DANGER,75,9,14,98.23,1.574,3.297,"Pedestrian in secondary_crosswalk, vehicle approaching, and distance decreasing"
1530,51.0,HIGH,65,9,14,107.56,,0.0,Pedestrian in main_crosswalk and vehicle close
1560,52.0,MEDIUM,45,8,13,195.93,24.801,0.601,Pedestrian in secondary_crosswalk with moderate surrogate risk score
1590,53.0,HIGH,65,14,16,97.08,2.743,1.329,Pedestrian in secondary_crosswalk and vehicle close
1620,54.0,HIGH,65,10,15,89.27,,0.0,Pedestrian in secondary_crosswalk and vehicle close
1650,55.0,DANGER,85,7,15,72.72,2.019,1.2,"Pedestrian in secondary_crosswalk, vehicle approaching, and distance decreasing"
1680,56.0,HIGH,65,9,14,106.92,1.81,4.303,Pedestrian in secondary_crosswalk and vehicle in approach zone
1710,57.0,HIGH,65,11,13,96.6,,0.0,Pedestrian in main_crosswalk and vehicle close
1740,58.0,HIGH,55,11,13,97.51,,0.0,Pedestrian in main_crosswalk and vehicle in approach zone
1770,59.0,DANGER,95,16,14,100.65,0.217,29.708,Pedestrian in secondary_crosswalk and short TTC-like risk detected
